,primer_id,primer,sequence_name,sequence,overlap_percentage
0,IPP000709,TGATCAAAACGAGAGGACAG,">AB164621.1|Homo sapiens|cDNA|Homo sapiens TRB mRNA for T cell receptor beta chain, partial cds, allele:TRBV5-4*01+TRBJ2-5*01",atgggccctgggctcctctgctgggtgctgctttgtctcctgggagcaggctcagtggagactggagtcacccaaagtcccacacacctgatcaaaacgagaggacagcaagtgactctgagatgctcttctcagtctgggcacaacactgtgtcctggtaccaacaggccctgggtcaggggccccagtttatctttcagtattatagggaggaagagaatggcagaggaaacttccctcctagattctcaggtctccagttccctaattatagctctgagctgaatgtgaacgccttggagctggacgactcggccctgtatctctgtgccagcagctttagggggggaaagacccagtacttcgggccaggcacgcggctcctggtgcta,100
1,IPP000732,GGAACACCAGTGACTCTGAG,">AB164621.1|Homo sapiens|cDNA|Homo sapiens TRB mRNA for T cell receptor beta chain, partial cds, allele:TRBV5-4*01+TRBJ2-5*01",atgggccctgggctcctctgctgggtgctgctttgtctcctgggagcaggctcagtggagactggagtcacccaaagtcccacacacctgatcaaaacgagaggacagcaagtgactctgagatgctcttctcagtctgggcacaacactgtgtcctggtaccaacaggccctgggtcaggggccccagtttatctttcagtattatagggaggaagagaatggcagaggaaacttccctcctagattctcaggtctccagttccctaattatagctctgagctgaatgtgaacgccttggagctggacgactcggccctgtatctctgtgccagcagctttagggggggaaagacccagtacttcgggccaggcacgcggctcctggtgcta,90
2,IPP000034,AGCTCTGAGCTGAATGTGAACGCC,">AY751836.1|Homo sapiens|cDNA|Homo sapiens isolate 584.1_G07 T cell receptor beta (TRBV) mRNA, partial cds",cagttccctaactatagctctgagctgaatgtgaacgccttgttgctgggggactcggccctctatctctgtgccagcagctcaactagcacggagacccagtacttcgggccaggcacgcggctcctggtgctcgaggacctgaaaaac,100
3,IPP500004,AGCTCTGAGCTGAATGTGAACGCC,">AY751836.1|Homo sapiens|cDNA|Homo sapiens isolate 584.1_G07 T cell receptor beta (TRBV) mRNA, partial cds",cagttccctaactatagctctgagctgaatgtgaacgccttgttgctgggggactcggccctctatctctgtgccagcagctcaactagcacggagacccagtacttcgggccaggcacgcggctcctggtgctcgaggacctgaaaaac,100
4,IPP500015,AGCTCTGAGCTGAATGTGAACGCC,">AY751836.1|Homo sapiens|cDNA|Homo sapiens isolate 584.1_G07 T cell receptor beta (TRBV) mRNA, partial cds",cagttccctaactatagctctgagctgaatgtgaacgccttgttgctgggggactcggccctctatctctgtgccagcagctcaactagcacggagacccagtacttcgggccaggcacgcggctcctggtgctcgaggacctgaaaaac,100
5,IPP500016,AGCTCTGAGCTGAATGTGAACGCC,">AY751836.1|Homo sapiens|cDNA|Homo sapiens isolate 584.1_G07 T cell receptor beta (TRBV) mRNA, partial cds",cagttccctaactatagctctgagctgaatgtgaacgccttgttgctgggggactcggccctctatctctgtgccagcagctcaactagcacggagacccagtacttcgggccaggcacgcggctcctggtgctcgaggacctgaaaaac,100
6,IPP500017,AGCTCTGAGCTGAATGTGAACGCC,">AY751836.1|Homo sapiens|cDNA|Homo sapiens isolate 584.1_G07 T cell receptor beta (TRBV) mRNA, partial cds",cagttccctaactatagctctgagctgaatgtgaacgccttgttgctgggggactcggccctctatctctgtgccagcagctcaactagcacggagacccagtacttcgggccaggcacgcggctcctggtgctcgaggacctgaaaaac,100
7,IPP500018,AGCTCTGAGCTGAATGTGAACGCC,">AY751836.1|Homo sapiens|cDNA|Homo sapiens isolate 584.1_G07 T cell receptor beta (TRBV) mRNA, partial cds",cagttccctaactatagctctgagctgaatgtgaacgccttgttgctgggggactcggccctctatctctgtgccagcagctcaactagcacggagacccagtacttcgggccaggcacgcggctcctggtgctcgaggacctgaaaaac,100
8,IPP000032,CGCTTCTCCCGGATTCTGGAGTCC,">AY751837.1|Homo sapiens|cDNA|Homo sapiens isolate 584.1_C12 T cell receptor beta (TRBV) mRNA, partial cds",aagaaggagcgcttctccctgattctggagtccgccagcaccaaccagacatctatgtacctctgtgccagcagatctcgcggggctagctcctacgagcagtacttcgggccgggcaccaggctcacggtcacagaggacctgaaaaac,96
9,IPP000764,GAAGGAGCGCTTCTCCCTG,">AY751837.1|Homo sapiens|cDNA|Homo sapiens isolate 584.1_C12 T cell receptor beta (TRBV) mRNA, partial cds",aagaaggagcgcttctccctgattctggagtccgccagcaccaaccagacatctatgtacctctgtgccagcagatctcgcggggctagctcctacgagcagtacttcgggccgggcaccaggctcacggtcacagaggacctgaaaaac,100
10,IPP500002,CGCTTCTCCCGGATTCTGGAGTCC,">AY751837.1|Homo sapiens|cDNA|Homo sapiens isolate 584.1_C12 T cell receptor beta (TRBV) mRNA, partial cds",aagaaggagcgcttctccctgattctggagtccgccagcaccaaccagacatctatgtacctctgtgccagcagatctcgcggggctagctcctacgagcagtacttcgggccgggcaccaggctcacggtcacagaggacctgaaaaac,96
11,IPP000750,GTGACCAGTGCCCATCCTG,">AY751840.1|Homo sapiens|cDNA|Homo sapiens isolate 584.2_A1 T cell receptor beta (TRBV) mRNA, partial cds",accttgtccactctgacagtgaccagtgcccatcctgaagacagcagcttctacatctgcagtgctagagcagggactagcgggagggaatacaatgagcagttcttcgggccagggacacggctcaccgtgctagaggacctgaaaaac,100
12,IPP000032,CGCTTCTCCCGGATTCTGGAGTCC,">AY751841.1|Homo sapiens|cDNA|Homo sapiens isolate 584.2_D01 T cell receptor beta (TRBV) mRNA, partial cds",aaggagcgcttctccctgattctggagtccgccagcaccaaccagacatctatgtacctctgtgccagcagtactggactgggcagctcctacaatgagcagttcttcgggccagggacacggctcaccgtgctagaggacctgaaaaac,96
13,IPP500002,CGCTTCTCCCGGATTCTGGAGTCC,">AY751841.1|Homo sapiens|cDNA|Homo sapiens isolate 584.2_D01 T cell receptor beta (TRBV) mRNA, partial cds",aaggagcgcttctccctgattctggagtccgccagcaccaaccagacatctatgtacctctgtgccagcagtactggactgggcagctcctacaatgagcagttcttcgggccagggacacggctcaccgtgctagaggacctgaaaaac,96
14,IPP000750,GTGACCAGTGCCCATCCTG,">AY751842.1|Homo sapiens|cDNA|Homo sapiens isolate 971.1_F03 T cell receptor beta (TRBV) mRNA, partial cds",ctgaccttgtccactctgacagtgaccagtgcccatcctgaagacagcagcttctacatctgcagtgctaatctagcggggacagtagccaaaaacattcagtacttcggcgccgggacccggctctcagtgctggaggacctgaaaaac,100
15,IPP000038,TTCCCTGGAGCTTGGTGACTCTGC,">AY751845.1|Homo sapiens|cDNA|Homo sapiens isolate 971.1_A10 T cell receptor beta (TRBV) mRNA, partial cds",gctcacttaaatcttcacatcaattccctggagcttggtgactctgctgtgtatttctgtgccagcagccaagaccccctgaacagttatgcagatacgcagtattttggcccaggcacccggctgacagtgctcgaggacctgaaaaac,100
16,IPP500008,TTCCCTGGAGCTTGGTGACTCTGC,">AY751845.1|Homo sapiens|cDNA|Homo sapiens isolate 971.1_A10 T cell receptor beta (TRBV) mRNA, partial cds",gctcacttaaatcttcacatcaattccctggagcttggtgactctgctgtgtatttctgtgccagcagccaagaccccctgaacagttatgcagatacgcagtattttggcccaggcacccggctgacagtgctcgaggacctgaaaaac,100
17,IPP500013,TTCCCTGGAGCTTGGTGACTCTGC,">AY751845.1|Homo sapiens|cDNA|Homo sapiens isolate 971.1_A10 T cell receptor beta (TRBV) mRNA, partial cds",gctcacttaaatcttcacatcaattccctggagcttggtgactctgctgtgtatttctgtgccagcagccaagaccccctgaacagttatgcagatacgcagtattttggcccaggcacccggctgacagtgctcgaggacctgaaaaac,100
18,IPP000750,GTGACCAGTGCCCATCCTG,">AY751849.1|Homo sapiens|cDNA|Homo sapiens isolate 971.1_xxx T cell receptor beta (TRBV) mRNA, partial cds",ttgtccactctgacagtgaccagtgcccatcctgaagacagcagcttctacatctgcagtgctagagatctggctagcgggagagctagcacagatacgcagtattttggcccaggcacccggctgacagtgctcgaggacctgaaaaac,100
19,IPP000034,AGCTCTGAGCTGAATGTGAACGCC,">AY751860.1|Homo sapiens|cDNA|Homo sapiens isolate 222.1_F03 T cell receptor beta (TRBV) mRNA, partial cds",cctaattatagctctgagctgaatgtgaacgccttggagctggacgactcggccctgtatctctgtgccagcagcttggcgcaggggttgaacactgaagctttctttggacaaggcaccagactcacagttgtagaggacctgaacaag,100
20,IPP500004,AGCTCTGAGCTGAATGTGAACGCC,">AY751860.1|Homo sapiens|cDNA|Homo sapiens isolate 222.1_F03 T cell receptor beta (TRBV) mRNA, partial cds",cctaattatagctctgagctgaatgtgaacgccttggagctggacgactcggccctgtatctctgtgccagcagcttggcgcaggggttgaacactgaagctttctttggacaaggcaccagactcacagttgtagaggacctgaacaag,100
21,IPP500015,AGCTCTGAGCTGAATGTGAACGCC,">AY751860.1|Homo sapiens|cDNA|Homo sapiens isolate 222.1_F03 T cell receptor beta (TRBV) mRNA, partial cds",cctaattatagctctgagctgaatgtgaacgccttggagctggacgactcggccctgtatctctgtgccagcagcttggcgcaggggttgaacactgaagctttctttggacaaggcaccagactcacagttgtagaggacctgaacaag,100
22,IPP500016,AGCTCTGAGCTGAATGTGAACGCC,">AY751860.1|Homo sapiens|cDNA|Homo sapiens isolate 222.1_F03 T cell receptor beta (TRBV) mRNA, partial cds",cctaattatagctctgagctgaatgtgaacgccttggagctggacgactcggccctgtatctctgtgccagcagcttggcgcaggggttgaacactgaagctttctttggacaaggcaccagactcacagttgtagaggacctgaacaag,100
23,IPP500017,AGCTCTGAGCTGAATGTGAACGCC,">AY751860.1|Homo sapiens|cDNA|Homo sapiens isolate 222.1_F03 T cell receptor beta (TRBV) mRNA, partial cds",cctaattatagctctgagctgaatgtgaacgccttggagctggacgactcggccctgtatctctgtgccagcagcttggcgcaggggttgaacactgaagctttctttggacaaggcaccagactcacagttgtagaggacctgaacaag,100
24,IPP500018,AGCTCTGAGCTGAATGTGAACGCC,">AY751860.1|Homo sapiens|cDNA|Homo sapiens isolate 222.1_F03 T cell receptor beta (TRBV) mRNA, partial cds",cctaattatagctctgagctgaatgtgaacgccttggagctggacgactcggccctgtatctctgtgccagcagcttggcgcaggggttgaacactgaagctttctttggacaaggcaccagactcacagttgtagaggacctgaacaag,100
25,IPP000048,TCCTCTCACTGTGACATCGGCCCA,">AY751863.1|Homo sapiens|cDNA|Homo sapiens isolate 222.5_C03 T cell receptor beta (TRBV) mRNA, partial cds",gagaagaaggaatcctttcctctcactgtgacatcggcccaaaagaacccgacagctttctatctctgtgccagtagtatcgggacaggggcccacgagcagtacttcgggccgggcaccaggctcacggtcacagaggacctgaaaaac,100
26,IPP500044,TCCTCTCACTGTGACATCGGCCCA,">AY751863.1|Homo sapiens|cDNA|Homo sapiens isolate 222.5_C03 T cell receptor beta (TRBV) mRNA, partial cds",gagaagaaggaatcctttcctctcactgtgacatcggcccaaaagaacccgacagctttctatctctgtgccagtagtatcgggacaggggcccacgagcagtacttcgggccgggcaccaggctcacggtcacagaggacctgaaaaac,100
27,IPP000032,CGCTTCTCCCGGATTCTGGAGTCC,">AY751866.1|Homo sapiens|cDNA|Homo sapiens isolate 79204_D05 T cell receptor beta (TRBV) mRNA, partial cds",gtctctagagagaagaaggagcgcttctccctgattctggagtccgccagcaccaaccagacatctatgtacctctgtgccagcagttccccatatgagcagttcttcgggccagggacacggctcaccgtgctagaggacctgaaaaac,96
28,IPP000764,GAAGGAGCGCTTCTCCCTG,">AY751866.1|Homo sapiens|cDNA|Homo sapiens isolate 79204_D05 T cell receptor beta (TRBV) mRNA, partial cds",gtctctagagagaagaaggagcgcttctccctgattctggagtccgccagcaccaaccagacatctatgtacctctgtgccagcagttccccatatgagcagttcttcgggccagggacacggctcaccgtgctagaggacctgaaaaac,100
29,IPP500002,CGCTTCTCCCGGATTCTGGAGTCC,">AY751866.1|Homo sapiens|cDNA|Homo sapiens isolate 79204_D05 T cell receptor beta (TRBV) mRNA, partial cds",gtctctagagagaagaaggagcgcttctccctgattctggagtccgccagcaccaaccagacatctatgtacctctgtgccagcagttccccatatgagcagttcttcgggccagggacacggctcaccgtgctagaggacctgaaaaac,96
30,IPP000036,CCTGAATGCCCCAACAGCTCTCTC,">AY751872.1|Homo sapiens|cDNA|Homo sapiens isolate h267_H04 T cell receptor beta (TRBV) mRNA, partial cds",cctgaatgccccaacagctttctcttaaaccttcacctacacgccctgcagccagaagactcagccctgtatctctgcgccagcagccagggacaagaagctttctttggacaaggcaccagactcacagttgtagaggacctgaacaag,96
31,IPP500006,CCTGAATGCCCCAACAGCTCTCTC,">AY751872.1|Homo sapiens|cDNA|Homo sapiens isolate h267_H04 T cell receptor beta (TRBV) mRNA, partial cds",cctgaatgccccaacagctttctcttaaaccttcacctacacgccctgcagccagaagactcagccctgtatctctgcgccagcagccagggacaagaagctttctttggacaaggcaccagactcacagttgtagaggacctgaacaag,96
32,IPP000034,AGCTCTGAGCTGAATGTGAACGCC,">AY751878.1|Homo sapiens|cDNA|Homo sapiens isolate h333_D01 T cell receptor beta (TRBV) mRNA, partial cds",catagctctgagctgaatgtgaacgccttgttgctgggggactcggccctctatctctgtgccagcagcccgatagaagacaggggccattcctacgagcagtacttagggccgggcaccaggctcacggtcacagaggacctgaaaa,100
33,IPP500004,AGCTCTGAGCTGAATGTGAACGCC,">AY751878.1|Homo sapiens|cDNA|Homo sapiens isolate h333_D01 T cell receptor beta (TRBV) mRNA, partial cds",catagctctgagctgaatgtgaacgccttgttgctgggggactcggccctctatctctgtgccagcagcccgatagaagacaggggccattcctacgagcagtacttagggccgggcaccaggctcacggtcacagaggacctgaaaa,100
34,IPP500015,AGCTCTGAGCTGAATGTGAACGCC,">AY751878.1|Homo sapiens|cDNA|Homo sapiens isolate h333_D01 T cell receptor beta (TRBV) mRNA, partial cds",catagctctgagctgaatgtgaacgccttgttgctgggggactcggccctctatctctgtgccagcagcccgatagaagacaggggccattcctacgagcagtacttagggccgggcaccaggctcacggtcacagaggacctgaaaa,100
35,IPP500016,AGCTCTGAGCTGAATGTGAACGCC,">AY751878.1|Homo sapiens|cDNA|Homo sapiens isolate h333_D01 T cell receptor beta (TRBV) mRNA, partial cds",catagctctgagctgaatgtgaacgccttgttgctgggggactcggccctctatctctgtgccagcagcccgatagaagacaggggccattcctacgagcagtacttagggccgggcaccaggctcacggtcacagaggacctgaaaa,100
36,IPP500017,AGCTCTGAGCTGAATGTGAACGCC,">AY751878.1|Homo sapiens|cDNA|Homo sapiens isolate h333_D01 T cell receptor beta (TRBV) mRNA, partial cds",catagctctgagctgaatgtgaacgccttgttgctgggggactcggccctctatctctgtgccagcagcccgatagaagacaggggccattcctacgagcagtacttagggccgggcaccaggctcacggtcacagaggacctgaaaa,100
37,IPP500018,AGCTCTGAGCTGAATGTGAACGCC,">AY751878.1|Homo sapiens|cDNA|Homo sapiens isolate h333_D01 T cell receptor beta (TRBV) mRNA, partial cds",catagctctgagctgaatgtgaacgccttgttgctgggggactcggccctctatctctgtgccagcagcccgatagaagacaggggccattcctacgagcagtacttagggccgggcaccaggctcacggtcacagaggacctgaaaa,100
38,IPP000038,TTCCCTGGAGCTTGGTGACTCTGC,">AY751879.1|Homo sapiens|cDNA|Homo sapiens isolate h333_B10 T cell receptor beta (TRBV) mRNA, partial cds",aaagctcacttaaatcttcacatcaattccctggagcttggtgactctgctgtgtatttctgtgccagcagccaagggcattacggggcgaacactgaagctttctttggacaaggcaccagactcacagttgtagaggacctgaacaag,100
39,IPP500008,TTCCCTGGAGCTTGGTGACTCTGC,">AY751879.1|Homo sapiens|cDNA|Homo sapiens isolate h333_B10 T cell receptor beta (TRBV) mRNA, partial cds",aaagctcacttaaatcttcacatcaattccctggagcttggtgactctgctgtgtatttctgtgccagcagccaagggcattacggggcgaacactgaagctttctttggacaaggcaccagactcacagttgtagaggacctgaacaag,100
40,IPP500013,TTCCCTGGAGCTTGGTGACTCTGC,">AY751879.1|Homo sapiens|cDNA|Homo sapiens isolate h333_B10 T cell receptor beta (TRBV) mRNA, partial cds",aaagctcacttaaatcttcacatcaattccctggagcttggtgactctgctgtgtatttctgtgccagcagccaagggcattacggggcgaacactgaagctttctttggacaaggcaccagactcacagttgtagaggacctgaacaag,100
41,IPP000034,AGCTCTGAGCTGAATGTGAACGCC,">AY751883.1|Homo sapiens|cDNA|Homo sapiens isolate h504_G005 T cell receptor beta (TRBV) mRNA, partial cds",cagttccctaactatagctctgagctgaatgtgaacgccttgttgctgggggactcggccctctatctctgtgccagcagcttaggtcgtggctacgagcagtacttcgggccgggcaccaggctcacggtcacagaggacctgaaaaac,100
42,IPP500004,AGCTCTGAGCTGAATGTGAACGCC,">AY751883.1|Homo sapiens|cDNA|Homo sapiens isolate h504_G005 T cell receptor beta (TRBV) mRNA, partial cds",cagttccctaactatagctctgagctgaatgtgaacgccttgttgctgggggactcggccctctatctctgtgccagcagcttaggtcgtggctacgagcagtacttcgggccgggcaccaggctcacggtcacagaggacctgaaaaac,100
43,IPP500015,AGCTCTGAGCTGAATGTGAACGCC,">AY751883.1|Homo sapiens|cDNA|Homo sapiens isolate h504_G005 T cell receptor beta (TRBV) mRNA, partial cds",cagttccctaactatagctctgagctgaatgtgaacgccttgttgctgggggactcggccctctatctctgtgccagcagcttaggtcgtggctacgagcagtacttcgggccgggcaccaggctcacggtcacagaggacctgaaaaac,100
44,IPP500016,AGCTCTGAGCTGAATGTGAACGCC,">AY751883.1|Homo sapiens|cDNA|Homo sapiens isolate h504_G005 T cell receptor beta (TRBV) mRNA, partial cds",cagttccctaactatagctctgagctgaatgtgaacgccttgttgctgggggactcggccctctatctctgtgccagcagcttaggtcgtggctacgagcagtacttcgggccgggcaccaggctcacggtcacagaggacctgaaaaac,100
45,IPP500017,AGCTCTGAGCTGAATGTGAACGCC,">AY751883.1|Homo sapiens|cDNA|Homo sapiens isolate h504_G005 T cell receptor beta (TRBV) mRNA, partial cds",cagttccctaactatagctctgagctgaatgtgaacgccttgttgctgggggactcggccctctatctctgtgccagcagcttaggtcgtggctacgagcagtacttcgggccgggcaccaggctcacggtcacagaggacctgaaaaac,100
46,IPP500018,AGCTCTGAGCTGAATGTGAACGCC,">AY751883.1|Homo sapiens|cDNA|Homo sapiens isolate h504_G005 T cell receptor beta (TRBV) mRNA, partial cds",cagttccctaactatagctctgagctgaatgtgaacgccttgttgctgggggactcggccctctatctctgtgccagcagcttaggtcgtggctacgagcagtacttcgggccgggcaccaggctcacggtcacagaggacctgaaaaac,100
47,IPP000048,TCCTCTCACTGTGACATCGGCCCA,">AY751888.1|Homo sapiens|cDNA|Homo sapiens isolate h548_C03 T cell receptor beta (TRBV) mRNA, partial cds",cgggagaagaaggaatcctttcctctcactgtgacatcggcccaaaagaacccgacagctttctatctctgtgccagtagtacgccagggagcactgaagctttctttggacaaggcaccagactcacagttgtagaggacctgaacaag,100
48,IPP500044,TCCTCTCACTGTGACATCGGCCCA,">AY751888.1|Homo sapiens|cDNA|Homo sapiens isolate h548_C03 T cell receptor beta (TRBV) mRNA, partial cds",cgggagaagaaggaatcctttcctctcactgtgacatcggcccaaaagaacccgacagctttctatctctgtgccagtagtacgccagggagcactgaagctttctttggacaaggcaccagactcacagttgtagaggacctgaacaag,100
49,IPP000038,TTCCCTGGAGCTTGGTGACTCTGC,">AY751895.1|Homo sapiens|cDNA|Homo sapiens isolate h504_A03 T cell receptor beta (TRBV) mRNA, partial cds",gacaaagctcacttaaatcttcacatcaattccctggagcttggtgactctgctgtgtatttctgtgccagcagccaagagttatctttttacaatgagcagttcttcgggccagggacacggctcaccgtgctagaggacctgaaaaac,100
50,IPP500008,TTCCCTGGAGCTTGGTGACTCTGC,">AY751895.1|Homo sapiens|cDNA|Homo sapiens isolate h504_A03 T cell receptor beta (TRBV) mRNA, partial cds",gacaaagctcacttaaatcttcacatcaattccctggagcttggtgactctgctgtgtatttctgtgccagcagccaagagttatctttttacaatgagcagttcttcgggccagggacacggctcaccgtgctagaggacctgaaaaac,100
51,IPP500013,TTCCCTGGAGCTTGGTGACTCTGC,">AY751895.1|Homo sapiens|cDNA|Homo sapiens isolate h504_A03 T cell receptor beta (TRBV) mRNA, partial cds",gacaaagctcacttaaatcttcacatcaattccctggagcttggtgactctgctgtgtatttctgtgccagcagccaagagttatctttttacaatgagcagttcttcgggccagggacacggctcaccgtgctagaggacctgaaaaac,100
52,IPP000045,GCCTGCAGAACTGGAGGATTCTGG,">AY751938.1|Homo sapiens|cDNA|Homo sapiens isolate 792_g02 T cell receptor beta (TRBV) mRNA, partial cds",aggactggagggacgtattctactctgaaggtgcagcctgcagaactggaggattctggagtttatttctgtgccagcaaccaagactcattgggggagcagttcttcgggccagggacacggctcaccgtgctagaggacctgaaaaac,100
53,IPP500041,GCCTGCAGAACTGGAGGATTCTGG,">AY751938.1|Homo sapiens|cDNA|Homo sapiens isolate 792_g02 T cell receptor beta (TRBV) mRNA, partial cds",aggactggagggacgtattctactctgaaggtgcagcctgcagaactggaggattctggagtttatttctgtgccagcaaccaagactcattgggggagcagttcttcgggccagggacacggctcaccgtgctagaggacctgaaaaac,100
54,IPP000032,CGCTTCTCCCGGATTCTGGAGTCC,">AY758390.1|Homo sapiens|cDNA|Homo sapiens isolate 584.1 C7 T-cell receptor beta chain variable region (TRBV) mRNA, partial cds",agagagaagaaggagcgcttctccttgattctggagtccgccagcaccaaccagacatctatgtacctctgtgccagcagtccgacaggggacactgaagctttctttggacaaggcaccagactcacagttgtagaggacctgaacaag,92
55,IPP000764,GAAGGAGCGCTTCTCCCTG,">AY758390.1|Homo sapiens|cDNA|Homo sapiens isolate 584.1 C7 T-cell receptor beta chain variable region (TRBV) mRNA, partial cds",agagagaagaaggagcgcttctccttgattctggagtccgccagcaccaaccagacatctatgtacctctgtgccagcagtccgacaggggacactgaagctttctttggacaaggcaccagactcacagttgtagaggacctgaacaag,95
56,IPP500002,CGCTTCTCCCGGATTCTGGAGTCC,">AY758390.1|Homo sapiens|cDNA|Homo sapiens isolate 584.1 C7 T-cell receptor beta chain variable region (TRBV) mRNA, partial cds",agagagaagaaggagcgcttctccttgattctggagtccgccagcaccaaccagacatctatgtacctctgtgccagcagtccgacaggggacactgaagctttctttggacaaggcaccagactcacagttgtagaggacctgaacaag,92
57,IPP000031,GGCCACATACGAGCAAGGCGTCGA,">DQ473356.1|Homo sapiens|cDNA|Homo sapiens T cell receptor beta chain variable region (TRBV20-1) mRNA, TRBV20-1*01 allele, partial cds",atggcaacttccaatgagggctccaaggccacatacgagcaaggcgtcgagaaggacaagtttctcatcaaccatgcaagcctgaccttgtccactctgacagtgaccagtgcccatcctgaagacagcagcttctacatctgcagtgctagcgaccaacaagagacccagtacttcgggccaggc,100
58,IPP500001,GGCCACATACGAGCAAGGCGTCGA,">DQ473356.1|Homo sapiens|cDNA|Homo sapiens T cell receptor beta chain variable region (TRBV20-1) mRNA, TRBV20-1*01 allele, partial cds",atggcaacttccaatgagggctccaaggccacatacgagcaaggcgtcgagaaggacaagtttctcatcaaccatgcaagcctgaccttgtccactctgacagtgaccagtgcccatcctgaagacagcagcttctacatctgcagtgctagcgaccaacaagagacccagtacttcgggccaggc,100
59,IPP000045,GCCTGCAGAACTGGAGGATTCTGG,">DQ473358.1|Homo sapiens|cDNA|Homo sapiens T cell receptor beta chain variable region (TRBV14) mRNA, TRBV14*01 allele, partial cds",cctgcagaactggaggattctggagtttatttctgtgccagcagccgggacagggccgagcagtacttcgggccgggc,96
60,IPP500041,GCCTGCAGAACTGGAGGATTCTGG,">DQ473358.1|Homo sapiens|cDNA|Homo sapiens T cell receptor beta chain variable region (TRBV14) mRNA, TRBV14*01 allele, partial cds",cctgcagaactggaggattctggagtttatttctgtgccagcagccgggacagggccgagcagtacttcgggccgggc,96
61,IPP000045,GCCTGCAGAACTGGAGGATTCTGG,">DQ473360.1|Homo sapiens|cDNA|Homo sapiens T cell receptor beta chain variable region (TRBV14) mRNA, TRBV14*01 allele, partial cds",cctgcagaactggaggattctggagtttatttctgtgccagcagccaagaccggaccggggagctgttttttggagaaggc,96
62,IPP500041,GCCTGCAGAACTGGAGGATTCTGG,">DQ473360.1|Homo sapiens|cDNA|Homo sapiens T cell receptor beta chain variable region (TRBV14) mRNA, TRBV14*01 allele, partial cds",cctgcagaactggaggattctggagtttatttctgtgccagcagccaagaccggaccggggagctgttttttggagaaggc,96
63,IPP000034,AGCTCTGAGCTGAATGTGAACGCC,">DQ473365.1|Homo sapiens|cDNA|Homo sapiens T cell receptor beta chain variable region (TRBV5-4) mRNA, TRBV5-4*01 allele, partial cds",aactctcgctctgagatgaatgtgaacgccttggagctggacgactcggccctgtatctctgtgccagcagcttacattatagagggtctgaagctttctttggacaaggcaccagactcacagttgtagaggac,92
64,IPP500004,AGCTCTGAGCTGAATGTGAACGCC,">DQ473365.1|Homo sapiens|cDNA|Homo sapiens T cell receptor beta chain variable region (TRBV5-4) mRNA, TRBV5-4*01 allele, partial cds",aactctcgctctgagatgaatgtgaacgccttggagctggacgactcggccctgtatctctgtgccagcagcttacattatagagggtctgaagctttctttggacaaggcaccagactcacagttgtagaggac,92
65,IPP500015,AGCTCTGAGCTGAATGTGAACGCC,">DQ473365.1|Homo sapiens|cDNA|Homo sapiens T cell receptor beta chain variable region (TRBV5-4) mRNA, TRBV5-4*01 allele, partial cds",aactctcgctctgagatgaatgtgaacgccttggagctggacgactcggccctgtatctctgtgccagcagcttacattatagagggtctgaagctttctttggacaaggcaccagactcacagttgtagaggac,92
66,IPP500016,AGCTCTGAGCTGAATGTGAACGCC,">DQ473365.1|Homo sapiens|cDNA|Homo sapiens T cell receptor beta chain variable region (TRBV5-4) mRNA, TRBV5-4*01 allele, partial cds",aactctcgctctgagatgaatgtgaacgccttggagctggacgactcggccctgtatctctgtgccagcagcttacattatagagggtctgaagctttctttggacaaggcaccagactcacagttgtagaggac,92
67,IPP500017,AGCTCTGAGCTGAATGTGAACGCC,">DQ473365.1|Homo sapiens|cDNA|Homo sapiens T cell receptor beta chain variable region (TRBV5-4) mRNA, TRBV5-4*01 allele, partial cds",aactctcgctctgagatgaatgtgaacgccttggagctggacgactcggccctgtatctctgtgccagcagcttacattatagagggtctgaagctttctttggacaaggcaccagactcacagttgtagaggac,92
68,IPP500018,AGCTCTGAGCTGAATGTGAACGCC,">DQ473365.1|Homo sapiens|cDNA|Homo sapiens T cell receptor beta chain variable region (TRBV5-4) mRNA, TRBV5-4*01 allele, partial cds",aactctcgctctgagatgaatgtgaacgccttggagctggacgactcggccctgtatctctgtgccagcagcttacattatagagggtctgaagctttctttggacaaggcaccagactcacagttgtagaggac,92
69,IPP000034,AGCTCTGAGCTGAATGTGAACGCC,">DQ473368.1|Homo sapiens|cDNA|Homo sapiens T cell receptor beta chain variable region (TRBV5-6) mRNA, TRBV5-6*01 allele, partial cds",aactctcgctctgagatgaatgtgaacgccttgttgctgggggactcggccctctatctctgtgccagcagcttagatggggacagggcctcctacgagcagtacttcgggccgggcaccaggctcacggtcacagaggac,92
70,IPP500004,AGCTCTGAGCTGAATGTGAACGCC,">DQ473368.1|Homo sapiens|cDNA|Homo sapiens T cell receptor beta chain variable region (TRBV5-6) mRNA, TRBV5-6*01 allele, partial cds",aactctcgctctgagatgaatgtgaacgccttgttgctgggggactcggccctctatctctgtgccagcagcttagatggggacagggcctcctacgagcagtacttcgggccgggcaccaggctcacggtcacagaggac,92
71,IPP500015,AGCTCTGAGCTGAATGTGAACGCC,">DQ473368.1|Homo sapiens|cDNA|Homo sapiens T cell receptor beta chain variable region (TRBV5-6) mRNA, TRBV5-6*01 allele, partial cds",aactctcgctctgagatgaatgtgaacgccttgttgctgggggactcggccctctatctctgtgccagcagcttagatggggacagggcctcctacgagcagtacttcgggccgggcaccaggctcacggtcacagaggac,92
72,IPP500016,AGCTCTGAGCTGAATGTGAACGCC,">DQ473368.1|Homo sapiens|cDNA|Homo sapiens T cell receptor beta chain variable region (TRBV5-6) mRNA, TRBV5-6*01 allele, partial cds",aactctcgctctgagatgaatgtgaacgccttgttgctgggggactcggccctctatctctgtgccagcagcttagatggggacagggcctcctacgagcagtacttcgggccgggcaccaggctcacggtcacagaggac,92
73,IPP500017,AGCTCTGAGCTGAATGTGAACGCC,">DQ473368.1|Homo sapiens|cDNA|Homo sapiens T cell receptor beta chain variable region (TRBV5-6) mRNA, TRBV5-6*01 allele, partial cds",aactctcgctctgagatgaatgtgaacgccttgttgctgggggactcggccctctatctctgtgccagcagcttagatggggacagggcctcctacgagcagtacttcgggccgggcaccaggctcacggtcacagaggac,92
74,IPP500018,AGCTCTGAGCTGAATGTGAACGCC,">DQ473368.1|Homo sapiens|cDNA|Homo sapiens T cell receptor beta chain variable region (TRBV5-6) mRNA, TRBV5-6*01 allele, partial cds",aactctcgctctgagatgaatgtgaacgccttgttgctgggggactcggccctctatctctgtgccagcagcttagatggggacagggcctcctacgagcagtacttcgggccgggcaccaggctcacggtcacagaggac,92
75,IPP000042,CACTGCGGTGTACCCAGGATATGA,">DQ473369.1|Homo sapiens|cDNA|Homo sapiens T cell receptor beta chain variable region (TRBV6-1) mRNA, TRBV6-1*01 allele, partial cds",ctgcggtgtacccaggatatgaaccataactccatgtactggtatcgacaagacccaggcatgggactgaggctgatttattactcagcttctgagggtaccactgacaaaggagaagtccccaatggctacaatgtctccagattaaacaaacgggagttctcgctcaggctggagtcggctgctccctcccagacatctgtgtacttctgtgccagcagtgaccgcgggggaactaatgaaaaactgttttttggcagtggaacccagctctctgtcttggaggac,92
76,IPP000711,CCAGGATATGAACCATAACTC,">DQ473369.1|Homo sapiens|cDNA|Homo sapiens T cell receptor beta chain variable region (TRBV6-1) mRNA, TRBV6-1*01 allele, partial cds",ctgcggtgtacccaggatatgaaccataactccatgtactggtatcgacaagacccaggcatgggactgaggctgatttattactcagcttctgagggtaccactgacaaaggagaagtccccaatggctacaatgtctccagattaaacaaacgggagttctcgctcaggctggagtcggctgctccctcccagacatctgtgtacttctgtgccagcagtgaccgcgggggaactaatgaaaaactgttttttggcagtggaacccagctctctgtcttggaggac,100
77,IPP000717,ATCGACAAGACCCAGGCAA,">DQ473369.1|Homo sapiens|cDNA|Homo sapiens T cell receptor beta chain variable region (TRBV6-1) mRNA, TRBV6-1*01 allele, partial cds",ctgcggtgtacccaggatatgaaccataactccatgtactggtatcgacaagacccaggcatgggactgaggctgatttattactcagcttctgagggtaccactgacaaaggagaagtccccaatggctacaatgtctccagattaaacaaacgggagttctcgctcaggctggagtcggctgctccctcccagacatctgtgtacttctgtgccagcagtgaccgcgggggaactaatgaaaaactgttttttggcagtggaacccagctctctgtcttggaggac,95
78,IPP500014,CACTGCGGTGTACCCAGGATATGA,">DQ473369.1|Homo sapiens|cDNA|Homo sapiens T cell receptor beta chain variable region (TRBV6-1) mRNA, TRBV6-1*01 allele, partial cds",ctgcggtgtacccaggatatgaaccataactccatgtactggtatcgacaagacccaggcatgggactgaggctgatttattactcagcttctgagggtaccactgacaaaggagaagtccccaatggctacaatgtctccagattaaacaaacgggagttctcgctcaggctggagtcggctgctccctcccagacatctgtgtacttctgtgccagcagtgaccgcgggggaactaatgaaaaactgttttttggcagtggaacccagctctctgtcttggaggac,92
79,IPP500031,CACTGCGGTGTACCCAGGATATGA,">DQ473369.1|Homo sapiens|cDNA|Homo sapiens T cell receptor beta chain variable region (TRBV6-1) mRNA, TRBV6-1*01 allele, partial cds",ctgcggtgtacccaggatatgaaccataactccatgtactggtatcgacaagacccaggcatgggactgaggctgatttattactcagcttctgagggtaccactgacaaaggagaagtccccaatggctacaatgtctccagattaaacaaacgggagttctcgctcaggctggagtcggctgctccctcccagacatctgtgtacttctgtgccagcagtgaccgcgggggaactaatgaaaaactgttttttggcagtggaacccagctctctgtcttggaggac,92
80,IPP500032,CACTGCGGTGTACCCAGGATATGA,">DQ473369.1|Homo sapiens|cDNA|Homo sapiens T cell receptor beta chain variable region (TRBV6-1) mRNA, TRBV6-1*01 allele, partial cds",ctgcggtgtacccaggatatgaaccataactccatgtactggtatcgacaagacccaggcatgggactgaggctgatttattactcagcttctgagggtaccactgacaaaggagaagtccccaatggctacaatgtctccagattaaacaaacgggagttctcgctcaggctggagtcggctgctccctcccagacatctgtgtacttctgtgccagcagtgaccgcgggggaactaatgaaaaactgttttttggcagtggaacccagctctctgtcttggaggac,92
81,IPP500033,CACTGCGGTGTACCCAGGATATGA,">DQ473369.1|Homo sapiens|cDNA|Homo sapiens T cell receptor beta chain variable region (TRBV6-1) mRNA, TRBV6-1*01 allele, partial cds",ctgcggtgtacccaggatatgaaccataactccatgtactggtatcgacaagacccaggcatgggactgaggctgatttattactcagcttctgagggtaccactgacaaaggagaagtccccaatggctacaatgtctccagattaaacaaacgggagttctcgctcaggctggagtcggctgctccctcccagacatctgtgtacttctgtgccagcagtgaccgcgggggaactaatgaaaaactgttttttggcagtggaacccagctctctgtcttggaggac,92
82,IPP500034,CACTGCGGTGTACCCAGGATATGA,">DQ473369.1|Homo sapiens|cDNA|Homo sapiens T cell receptor beta chain variable region (TRBV6-1) mRNA, TRBV6-1*01 allele, partial cds",ctgcggtgtacccaggatatgaaccataactccatgtactggtatcgacaagacccaggcatgggactgaggctgatttattactcagcttctgagggtaccactgacaaaggagaagtccccaatggctacaatgtctccagattaaacaaacgggagttctcgctcaggctggagtcggctgctccctcccagacatctgtgtacttctgtgccagcagtgaccgcgggggaactaatgaaaaactgttttttggcagtggaacccagctctctgtcttggaggac,92
83,IPP500035,CACTGCGGTGTACCCAGGATATGA,">DQ473369.1|Homo sapiens|cDNA|Homo sapiens T cell receptor beta chain variable region (TRBV6-1) mRNA, TRBV6-1*01 allele, partial cds",ctgcggtgtacccaggatatgaaccataactccatgtactggtatcgacaagacccaggcatgggactgaggctgatttattactcagcttctgagggtaccactgacaaaggagaagtccccaatggctacaatgtctccagattaaacaaacgggagttctcgctcaggctggagtcggctgctccctcccagacatctgtgtacttctgtgccagcagtgaccgcgggggaactaatgaaaaactgttttttggcagtggaacccagctctctgtcttggaggac,92
84,IPP500037,CACTGCGGTGTACCCAGGATATGA,">DQ473369.1|Homo sapiens|cDNA|Homo sapiens T cell receptor beta chain variable region (TRBV6-1) mRNA, TRBV6-1*01 allele, partial cds",ctgcggtgtacccaggatatgaaccataactccatgtactggtatcgacaagacccaggcatgggactgaggctgatttattactcagcttctgagggtaccactgacaaaggagaagtccccaatggctacaatgtctccagattaaacaaacgggagttctcgctcaggctggagtcggctgctccctcccagacatctgtgtacttctgtgccagcagtgaccgcgggggaactaatgaaaaactgttttttggcagtggaacccagctctctgtcttggaggac,92
85,IPP500038,CACTGCGGTGTACCCAGGATATGA,">DQ473369.1|Homo sapiens|cDNA|Homo sapiens T cell receptor beta chain variable region (TRBV6-1) mRNA, TRBV6-1*01 allele, partial cds",ctgcggtgtacccaggatatgaaccataactccatgtactggtatcgacaagacccaggcatgggactgaggctgatttattactcagcttctgagggtaccactgacaaaggagaagtccccaatggctacaatgtctccagattaaacaaacgggagttctcgctcaggctggagtcggctgctccctcccagacatctgtgtacttctgtgccagcagtgaccgcgggggaactaatgaaaaactgttttttggcagtggaacccagctctctgtcttggaggac,92
86,IPP900054,ATACATGTACTGGTATCGACAAGAC,">DQ473369.1|Homo sapiens|cDNA|Homo sapiens T cell receptor beta chain variable region (TRBV6-1) mRNA, TRBV6-1*01 allele, partial cds",ctgcggtgtacccaggatatgaaccataactccatgtactggtatcgacaagacccaggcatgggactgaggctgatttattactcagcttctgagggtaccactgacaaaggagaagtccccaatggctacaatgtctccagattaaacaaacgggagttctcgctcaggctggagtcggctgctccctcccagacatctgtgtacttctgtgccagcagtgaccgcgggggaactaatgaaaaactgttttttggcagtggaacccagctctctgtcttggaggac,92
87,IPP000721,GGGCAGGGCCTGGAGTTTT,">DQ473371.1|Homo sapiens|cDNA|Homo sapiens T cell receptor beta chain variable region (TRBV7-2) mRNA, TRBV7-2*03 allele, partial cds",gatccaatttcaggtcatactgccctttactggtaccgacagaggctggggcagggcctggagtttttaatttacttccaaggcaacagtgcaccagacaaatcagggctgcccagtgatcgcttctctgcagagaggactggggaatccgtctccactctgacgatccagcgcacacagcaggaggactcggccgtgtatctctgtgccagcagcttagcgcttttgggtctctcgggagccaaaaacattcagtacttcggcgccgggacccggctctcagtgctggaggac,95
88,IPP000722,CCCTTTACTGGTACCGACAA,">DQ473371.1|Homo sapiens|cDNA|Homo sapiens T cell receptor beta chain variable region (TRBV7-2) mRNA, TRBV7-2*03 allele, partial cds",gatccaatttcaggtcatactgccctttactggtaccgacagaggctggggcagggcctggagtttttaatttacttccaaggcaacagtgcaccagacaaatcagggctgcccagtgatcgcttctctgcagagaggactggggaatccgtctccactctgacgatccagcgcacacagcaggaggactcggccgtgtatctctgtgccagcagcttagcgcttttgggtctctcgggagccaaaaacattcagtacttcggcgccgggacccggctctcagtgctggaggac,95
89,IPP000721,GGGCAGGGCCTGGAGTTTT,">DQ473372.1|Homo sapiens|cDNA|Homo sapiens T cell receptor beta chain variable region (TRBV7-2) mRNA, TRBV7-2*01 allele, partial cds",gatccaatttcaggtcatactgccctttactggtaccgacagagcctggggcagggcctggagtttttaatttacttccaaggcaacagtgcaccagacaaatcagggctgcccagtgatcgcttctctgcagagaggactgggggatccgtctccactctgacgatccagcgcacacagcaggaggactcggccgtgtatctctgtgccagcagcttagttcaggggagttcacccctccactttgggaacgggaccaggctcactgtgacagaggac,95
90,IPP000722,CCCTTTACTGGTACCGACAA,">DQ473372.1|Homo sapiens|cDNA|Homo sapiens T cell receptor beta chain variable region (TRBV7-2) mRNA, TRBV7-2*01 allele, partial cds",gatccaatttcaggtcatactgccctttactggtaccgacagagcctggggcagggcctggagtttttaatttacttccaaggcaacagtgcaccagacaaatcagggctgcccagtgatcgcttctctgcagagaggactgggggatccgtctccactctgacgatccagcgcacacagcaggaggactcggccgtgtatctctgtgccagcagcttagttcaggggagttcacccctccactttgggaacgggaccaggctcactgtgacagaggac,95
91,IPP000721,GGGCAGGGCCTGGAGTTTT,">DQ473373.1|Homo sapiens|cDNA|Homo sapiens T cell receptor beta chain variable region (TRBV7-2) mRNA, TRBV7-2*01 allele, partial cds",gatccaatttcaggtcatactgccctttactggtaccgacagagcctggggcagggcctggagtttttaatttacttccaaggcaacagtgcaccagacaaatcagggctgcccagtgatcgcttctctgcagagaggactgggggatccgtctccactctgacgatccagcgcacacagcaggaggactcggccgtgtatctctgtgccagcagcttacgacaggtccggactgaagctttctttggacaaggcaccagactcacagttgtagaggac,95
92,IPP000722,CCCTTTACTGGTACCGACAA,">DQ473373.1|Homo sapiens|cDNA|Homo sapiens T cell receptor beta chain variable region (TRBV7-2) mRNA, TRBV7-2*01 allele, partial cds",gatccaatttcaggtcatactgccctttactggtaccgacagagcctggggcagggcctggagtttttaatttacttccaaggcaacagtgcaccagacaaatcagggctgcccagtgatcgcttctctgcagagaggactgggggatccgtctccactctgacgatccagcgcacacagcaggaggactcggccgtgtatctctgtgccagcagcttacgacaggtccggactgaagctttctttggacaaggcaccagactcacagttgtagaggac,95
93,IPP000721,GGGCAGGGCCTGGAGTTTT,">DQ473374.1|Homo sapiens|cDNA|Homo sapiens T cell receptor beta chain variable region (TRBV7-2) mRNA, TRBV7-2*01 allele, partial cds",gatccaatttcaggtcatactgccctttactggtaccgacagagcctggggcagggcctggagtttttaatttacttccaaggcaacagtgcaccagacaaatcagggctgcccagtgatcgcttctctgcagagaggactgggggatccgtctccactctgacgatccagcgcacacagcaggaggactcggccgtgtatctctgtgctttggacaggtggcagggttttttcgagacccagtacttcgggccaggcacgcggctcctggtgctcgaggac,95
94,IPP000722,CCCTTTACTGGTACCGACAA,">DQ473374.1|Homo sapiens|cDNA|Homo sapiens T cell receptor beta chain variable region (TRBV7-2) mRNA, TRBV7-2*01 allele, partial cds",gatccaatttcaggtcatactgccctttactggtaccgacagagcctggggcagggcctggagtttttaatttacttccaaggcaacagtgcaccagacaaatcagggctgcccagtgatcgcttctctgcagagaggactgggggatccgtctccactctgacgatccagcgcacacagcaggaggactcggccgtgtatctctgtgctttggacaggtggcagggttttttcgagacccagtacttcgggccaggcacgcggctcctggtgctcgaggac,95
95,IPP000722,CCCTTTACTGGTACCGACAA,">DQ473375.1|Homo sapiens|cDNA|Homo sapiens T cell receptor beta chain variable region (TRBV7-3) mRNA, TRBV7-3*01 allele, partial cds",gatccaatttcaggtcatactgccctttactggtaccgacaaagcctggggcagggcccagagtttctaatttacttccaaggcacgggtgcggcagatgactcagggctgcccaacgatcggttctttgcagtcaggcctgagggatccgtctctactctgaagatccagcgcacagagcggggggactcagccgtgtatctctgtgccagcagccctcatggacagggtaacactgaagctttctttggacaaggcaccagactcatagttgtagaggac,100
96,IPP000721,GGGCAGGGCCTGGAGTTTT,">DQ473376.1|Homo sapiens|cDNA|Homo sapiens T cell receptor beta chain variable region (TRBV7-2) mRNA, TRBV7-2*01 allele, partial cds",gatccaatttcaggtcatactgccctttactggtaccgacagagcctggggcagggcctggagtttttaatttacttccaaggcaacagtgcaccagacaaatcagggctgcccagtgatcgcttctctgcagagaggactgggggatccgtctccactctgacgatccagcgcacacagcaggaggactcggccgtgtatctctgtgccagcagcttaagcagcgtctcctacaatgagcagttcttcgggccagggacacggctcaccgtgctagaggac,95
97,IPP000722,CCCTTTACTGGTACCGACAA,">DQ473376.1|Homo sapiens|cDNA|Homo sapiens T cell receptor beta chain variable region (TRBV7-2) mRNA, TRBV7-2*01 allele, partial cds",gatccaatttcaggtcatactgccctttactggtaccgacagagcctggggcagggcctggagtttttaatttacttccaaggcaacagtgcaccagacaaatcagggctgcccagtgatcgcttctctgcagagaggactgggggatccgtctccactctgacgatccagcgcacacagcaggaggactcggccgtgtatctctgtgccagcagcttaagcagcgtctcctacaatgagcagttcttcgggccagggacacggctcaccgtgctagaggac,95
98,IPP000721,GGGCAGGGCCTGGAGTTTT,">DQ473377.1|Homo sapiens|cDNA|Homo sapiens T cell receptor beta chain variable region (TRBV7-2) mRNA, TRBV7-2*01 allele, partial cds",gatccaatttcaggtcatactgccctttactggtaccgacagagcctggggcagggcctggagtttttaatttacttccaaggcaacagtgcaccagacaaatcagggctgcccagtgatcgcttctctgcagagaggactgggggatccgtctccactctgacgatccagcgcacacagcaggaggactcggccgtgtatctctgtgccagcagctcggacggactgagcaatcagccccagcattttggtgatgggactcgactctccatcctagaggac,95
99,IPP000722,CCCTTTACTGGTACCGACAA,">DQ473377.1|Homo sapiens|cDNA|Homo sapiens T cell receptor beta chain variable region (TRBV7-2) mRNA, TRBV7-2*01 allele, partial cds",gatccaatttcaggtcatactgccctttactggtaccgacagagcctggggcagggcctggagtttttaatttacttccaaggcaacagtgcaccagacaaatcagggctgcccagtgatcgcttctctgcagagaggactgggggatccgtctccactctgacgatccagcgcacacagcaggaggactcggccgtgtatctctgtgccagcagctcggacggactgagcaatcagccccagcattttggtgatgggactcgactctccatcctagaggac,95
100,IPP000036,CCTGAATGCCCCAACAGCTCTCTC,">DQ473378.1|Homo sapiens|cDNA|Homo sapiens T cell receptor beta chain variable region (TRBV4-2) mRNA, TRBV4-2*01 allele, partial cds",ccaccggagctcatgtttgtctacaactttaaagaacagactgaaaacaacagtgtgccaagtcgcttctcacctgaatgccccaacagctctcacttattccttcacctacacaccctgcagccagaagactcggccctgtatctctgtgccagcaagaggggcactgaagctttctttggacaaggcaccagactcacagttgtagaggac,96
101,IPP000707,GGAGCTCATGTTTGTCTACAA,">DQ473378.1|Homo sapiens|cDNA|Homo sapiens T cell receptor beta chain variable region (TRBV4-2) mRNA, TRBV4-2*01 allele, partial cds",ccaccggagctcatgtttgtctacaactttaaagaacagactgaaaacaacagtgtgccaagtcgcttctcacctgaatgccccaacagctctcacttattccttcacctacacaccctgcagccagaagactcggccctgtatctctgtgccagcaagaggggcactgaagctttctttggacaaggcaccagactcacagttgtagaggac,100
102,IPP000708,GAGCTCATGTTTGTCTACAGT,">DQ473378.1|Homo sapiens|cDNA|Homo sapiens T cell receptor beta chain variable region (TRBV4-2) mRNA, TRBV4-2*01 allele, partial cds",ccaccggagctcatgtttgtctacaactttaaagaacagactgaaaacaacagtgtgccaagtcgcttctcacctgaatgccccaacagctctcacttattccttcacctacacaccctgcagccagaagactcggccctgtatctctgtgccagcaagaggggcactgaagctttctttggacaaggcaccagactcacagttgtagaggac,90
103,IPP500006,CCTGAATGCCCCAACAGCTCTCTC,">DQ473378.1|Homo sapiens|cDNA|Homo sapiens T cell receptor beta chain variable region (TRBV4-2) mRNA, TRBV4-2*01 allele, partial cds",ccaccggagctcatgtttgtctacaactttaaagaacagactgaaaacaacagtgtgccaagtcgcttctcacctgaatgccccaacagctctcacttattccttcacctacacaccctgcagccagaagactcggccctgtatctctgtgccagcaagaggggcactgaagctttctttggacaaggcaccagactcacagttgtagaggac,96
104,IPP000036,CCTGAATGCCCCAACAGCTCTCTC,">DQ473379.1|Homo sapiens|cDNA|Homo sapiens T cell receptor beta chain variable region (TRBV4-3) mRNA, TRBV4-3*01 allele, partial cds",ccaccggagctcatgtttgtctacagtcttgaagaacgggttgaaaacaacagtgtgccaagtcgcttctcacctgaatgccccaacagctctcacttattccttcacctacacaccctgcagccagaagactcggccctgtatctctgcgccagcagacgggacacgaacactgaagctttctttggacaaggcaccagactcacagttgtagaggac,96
105,IPP000707,GGAGCTCATGTTTGTCTACAA,">DQ473379.1|Homo sapiens|cDNA|Homo sapiens T cell receptor beta chain variable region (TRBV4-3) mRNA, TRBV4-3*01 allele, partial cds",ccaccggagctcatgtttgtctacagtcttgaagaacgggttgaaaacaacagtgtgccaagtcgcttctcacctgaatgccccaacagctctcacttattccttcacctacacaccctgcagccagaagactcggccctgtatctctgcgccagcagacgggacacgaacactgaagctttctttggacaaggcaccagactcacagttgtagaggac,95
106,IPP000708,GAGCTCATGTTTGTCTACAGT,">DQ473379.1|Homo sapiens|cDNA|Homo sapiens T cell receptor beta chain variable region (TRBV4-3) mRNA, TRBV4-3*01 allele, partial cds",ccaccggagctcatgtttgtctacagtcttgaagaacgggttgaaaacaacagtgtgccaagtcgcttctcacctgaatgccccaacagctctcacttattccttcacctacacaccctgcagccagaagactcggccctgtatctctgcgccagcagacgggacacgaacactgaagctttctttggacaaggcaccagactcacagttgtagaggac,100
107,IPP500006,CCTGAATGCCCCAACAGCTCTCTC,">DQ473379.1|Homo sapiens|cDNA|Homo sapiens T cell receptor beta chain variable region (TRBV4-3) mRNA, TRBV4-3*01 allele, partial cds",ccaccggagctcatgtttgtctacagtcttgaagaacgggttgaaaacaacagtgtgccaagtcgcttctcacctgaatgccccaacagctctcacttattccttcacctacacaccctgcagccagaagactcggccctgtatctctgcgccagcagacgggacacgaacactgaagctttctttggacaaggcaccagactcacagttgtagaggac,96
108,IPP000036,CCTGAATGCCCCAACAGCTCTCTC,">DQ473380.1|Homo sapiens|cDNA|Homo sapiens T cell receptor beta chain variable region (TRBV4-1) mRNA, TRBV4-1*02 allele, partial cds",ccaccggagctcatgtttgtctacagctatgagaaactctctataaatgaaagtgtgccaagtcgcttctcacctgaatgccccaacagctctctcttaaaccttcacctacacgccctgcagccagaagactcagccctgtatctctgcgccagcagcccgggactcaggaacactgaagctttctttggacaaggcaccagactcacagttgtagaggac,100
109,IPP000707,GGAGCTCATGTTTGTCTACAA,">DQ473380.1|Homo sapiens|cDNA|Homo sapiens T cell receptor beta chain variable region (TRBV4-1) mRNA, TRBV4-1*02 allele, partial cds",ccaccggagctcatgtttgtctacagctatgagaaactctctataaatgaaagtgtgccaagtcgcttctcacctgaatgccccaacagctctctcttaaaccttcacctacacgccctgcagccagaagactcagccctgtatctctgcgccagcagcccgggactcaggaacactgaagctttctttggacaaggcaccagactcacagttgtagaggac,95
110,IPP000708,GAGCTCATGTTTGTCTACAGT,">DQ473380.1|Homo sapiens|cDNA|Homo sapiens T cell receptor beta chain variable region (TRBV4-1) mRNA, TRBV4-1*02 allele, partial cds",ccaccggagctcatgtttgtctacagctatgagaaactctctataaatgaaagtgtgccaagtcgcttctcacctgaatgccccaacagctctctcttaaaccttcacctacacgccctgcagccagaagactcagccctgtatctctgcgccagcagcccgggactcaggaacactgaagctttctttggacaaggcaccagactcacagttgtagaggac,95
111,IPP500006,CCTGAATGCCCCAACAGCTCTCTC,">DQ473380.1|Homo sapiens|cDNA|Homo sapiens T cell receptor beta chain variable region (TRBV4-1) mRNA, TRBV4-1*02 allele, partial cds",ccaccggagctcatgtttgtctacagctatgagaaactctctataaatgaaagtgtgccaagtcgcttctcacctgaatgccccaacagctctctcttaaaccttcacctacacgccctgcagccagaagactcagccctgtatctctgcgccagcagcccgggactcaggaacactgaagctttctttggacaaggcaccagactcacagttgtagaggac,100
112,IPP000036,CCTGAATGCCCCAACAGCTCTCTC,">DQ473381.1|Homo sapiens|cDNA|Homo sapiens T cell receptor beta chain variable region (TRBV4-1) mRNA, TRBV4-1*02 allele, partial cds",ccaccggagctcatgtttgtctacagctatgagaaactctctataaatgaaagtgtgccaagtcgcttctcacctgaatgccccaacagctctctcttaaaccttcacctacacgccctgcagccagaagactcagccctgtatctctgcgccagcagcccgggacagggtatctcctatggctacaccttcggttcggggaccaggttaaccgttgtagaggac,100
113,IPP000707,GGAGCTCATGTTTGTCTACAA,">DQ473381.1|Homo sapiens|cDNA|Homo sapiens T cell receptor beta chain variable region (TRBV4-1) mRNA, TRBV4-1*02 allele, partial cds",ccaccggagctcatgtttgtctacagctatgagaaactctctataaatgaaagtgtgccaagtcgcttctcacctgaatgccccaacagctctctcttaaaccttcacctacacgccctgcagccagaagactcagccctgtatctctgcgccagcagcccgggacagggtatctcctatggctacaccttcggttcggggaccaggttaaccgttgtagaggac,95
114,IPP000708,GAGCTCATGTTTGTCTACAGT,">DQ473381.1|Homo sapiens|cDNA|Homo sapiens T cell receptor beta chain variable region (TRBV4-1) mRNA, TRBV4-1*02 allele, partial cds",ccaccggagctcatgtttgtctacagctatgagaaactctctataaatgaaagtgtgccaagtcgcttctcacctgaatgccccaacagctctctcttaaaccttcacctacacgccctgcagccagaagactcagccctgtatctctgcgccagcagcccgggacagggtatctcctatggctacaccttcggttcggggaccaggttaaccgttgtagaggac,95
115,IPP500006,CCTGAATGCCCCAACAGCTCTCTC,">DQ473381.1|Homo sapiens|cDNA|Homo sapiens T cell receptor beta chain variable region (TRBV4-1) mRNA, TRBV4-1*02 allele, partial cds",ccaccggagctcatgtttgtctacagctatgagaaactctctataaatgaaagtgtgccaagtcgcttctcacctgaatgccccaacagctctctcttaaaccttcacctacacgccctgcagccagaagactcagccctgtatctctgcgccagcagcccgggacagggtatctcctatggctacaccttcggttcggggaccaggttaaccgttgtagaggac,100
116,IPP000036,CCTGAATGCCCCAACAGCTCTCTC,">DQ473382.1|Homo sapiens|cDNA|Homo sapiens T cell receptor beta chain variable region (TRBV4-1) mRNA, TRBV4-1*02 allele, partial cds",ccaccggagctcatgtttgtctacagctatgagaaactctctataaatgaaagtgtgccaagtcgcttctcacctgaatgccccaacagctctctcttaaaccttcacctacacgccctgcagccagaagactcagccctgtatctctgcgccagcagccaagaagagacaatcaactatggctacaccttcggttcggggaccaggttaaccgttgtagaggac,100
117,IPP000707,GGAGCTCATGTTTGTCTACAA,">DQ473382.1|Homo sapiens|cDNA|Homo sapiens T cell receptor beta chain variable region (TRBV4-1) mRNA, TRBV4-1*02 allele, partial cds",ccaccggagctcatgtttgtctacagctatgagaaactctctataaatgaaagtgtgccaagtcgcttctcacctgaatgccccaacagctctctcttaaaccttcacctacacgccctgcagccagaagactcagccctgtatctctgcgccagcagccaagaagagacaatcaactatggctacaccttcggttcggggaccaggttaaccgttgtagaggac,95
118,IPP000708,GAGCTCATGTTTGTCTACAGT,">DQ473382.1|Homo sapiens|cDNA|Homo sapiens T cell receptor beta chain variable region (TRBV4-1) mRNA, TRBV4-1*02 allele, partial cds",ccaccggagctcatgtttgtctacagctatgagaaactctctataaatgaaagtgtgccaagtcgcttctcacctgaatgccccaacagctctctcttaaaccttcacctacacgccctgcagccagaagactcagccctgtatctctgcgccagcagccaagaagagacaatcaactatggctacaccttcggttcggggaccaggttaaccgttgtagaggac,95
119,IPP500006,CCTGAATGCCCCAACAGCTCTCTC,">DQ473382.1|Homo sapiens|cDNA|Homo sapiens T cell receptor beta chain variable region (TRBV4-1) mRNA, TRBV4-1*02 allele, partial cds",ccaccggagctcatgtttgtctacagctatgagaaactctctataaatgaaagtgtgccaagtcgcttctcacctgaatgccccaacagctctctcttaaaccttcacctacacgccctgcagccagaagactcagccctgtatctctgcgccagcagccaagaagagacaatcaactatggctacaccttcggttcggggaccaggttaaccgttgtagaggac,100
120,IPP000036,CCTGAATGCCCCAACAGCTCTCTC,">DQ473383.1|Homo sapiens|cDNA|Homo sapiens T cell receptor beta chain variable region (TRBV4-1) mRNA, TRBV4-1*02 allele, partial cds",ccaccggagctcatgtttgtctacagctatgagaaactctctataaatgaaagtgtgccaagtcgcttctcacctgaatgccccaacagctctctcttaaaccttcacctacacgccctgcagccagaagactcagccctgtatctctgcgccagcagccaaaacacggagccagggggcgagcagtacttcgggccgggcaccaggctcacggtcacagaggac,100
121,IPP000707,GGAGCTCATGTTTGTCTACAA,">DQ473383.1|Homo sapiens|cDNA|Homo sapiens T cell receptor beta chain variable region (TRBV4-1) mRNA, TRBV4-1*02 allele, partial cds",ccaccggagctcatgtttgtctacagctatgagaaactctctataaatgaaagtgtgccaagtcgcttctcacctgaatgccccaacagctctctcttaaaccttcacctacacgccctgcagccagaagactcagccctgtatctctgcgccagcagccaaaacacggagccagggggcgagcagtacttcgggccgggcaccaggctcacggtcacagaggac,95
122,IPP000708,GAGCTCATGTTTGTCTACAGT,">DQ473383.1|Homo sapiens|cDNA|Homo sapiens T cell receptor beta chain variable region (TRBV4-1) mRNA, TRBV4-1*02 allele, partial cds",ccaccggagctcatgtttgtctacagctatgagaaactctctataaatgaaagtgtgccaagtcgcttctcacctgaatgccccaacagctctctcttaaaccttcacctacacgccctgcagccagaagactcagccctgtatctctgcgccagcagccaaaacacggagccagggggcgagcagtacttcgggccgggcaccaggctcacggtcacagaggac,95
123,IPP500006,CCTGAATGCCCCAACAGCTCTCTC,">DQ473383.1|Homo sapiens|cDNA|Homo sapiens T cell receptor beta chain variable region (TRBV4-1) mRNA, TRBV4-1*02 allele, partial cds",ccaccggagctcatgtttgtctacagctatgagaaactctctataaatgaaagtgtgccaagtcgcttctcacctgaatgccccaacagctctctcttaaaccttcacctacacgccctgcagccagaagactcagccctgtatctctgcgccagcagccaaaacacggagccagggggcgagcagtacttcgggccgggcaccaggctcacggtcacagaggac,100
124,IPP000036,CCTGAATGCCCCAACAGCTCTCTC,">DQ473384.1|Homo sapiens|cDNA|Homo sapiens T cell receptor beta chain variable region (TRBV4-2) mRNA, TRBV4-2*01 allele, partial cds",ccaccggagctcatgtttgtctacaactttaaagaacagactgaaaacaacagtgtgccaagtcgcttctcacctgaatgccccaacagctctcacttattccttcacctacacaccctgcagccagaagactcggccctgtatctctgtgccagcagccaagaaccgggacaggcctacgagcagtacttcgggccgggcaccaggctcacggtcacagaggac,96
125,IPP000707,GGAGCTCATGTTTGTCTACAA,">DQ473384.1|Homo sapiens|cDNA|Homo sapiens T cell receptor beta chain variable region (TRBV4-2) mRNA, TRBV4-2*01 allele, partial cds",ccaccggagctcatgtttgtctacaactttaaagaacagactgaaaacaacagtgtgccaagtcgcttctcacctgaatgccccaacagctctcacttattccttcacctacacaccctgcagccagaagactcggccctgtatctctgtgccagcagccaagaaccgggacaggcctacgagcagtacttcgggccgggcaccaggctcacggtcacagaggac,100
126,IPP000708,GAGCTCATGTTTGTCTACAGT,">DQ473384.1|Homo sapiens|cDNA|Homo sapiens T cell receptor beta chain variable region (TRBV4-2) mRNA, TRBV4-2*01 allele, partial cds",ccaccggagctcatgtttgtctacaactttaaagaacagactgaaaacaacagtgtgccaagtcgcttctcacctgaatgccccaacagctctcacttattccttcacctacacaccctgcagccagaagactcggccctgtatctctgtgccagcagccaagaaccgggacaggcctacgagcagtacttcgggccgggcaccaggctcacggtcacagaggac,90
127,IPP500006,CCTGAATGCCCCAACAGCTCTCTC,">DQ473384.1|Homo sapiens|cDNA|Homo sapiens T cell receptor beta chain variable region (TRBV4-2) mRNA, TRBV4-2*01 allele, partial cds",ccaccggagctcatgtttgtctacaactttaaagaacagactgaaaacaacagtgtgccaagtcgcttctcacctgaatgccccaacagctctcacttattccttcacctacacaccctgcagccagaagactcggccctgtatctctgtgccagcagccaagaaccgggacaggcctacgagcagtacttcgggccgggcaccaggctcacggtcacagaggac,96
128,IPP000036,CCTGAATGCCCCAACAGCTCTCTC,">DQ473385.1|Homo sapiens|cDNA|Homo sapiens T cell receptor beta chain variable region (TRBV4-1) mRNA, TRBV4-1*02 allele, partial cds",ccaccggagctcatgtttgtctacagctatgagaaactctctataaatgaaagtgtgccaagtcgcttctcacctgaatgccccaacagctctctcttaaaccttcacctacacgccctgcagccagaagactcagccctgtatctctgcgccagcagcccccggactagcggggggggggatacgcagtattttggcccaggcacccggctgacagtgctcgaggac,100
129,IPP000707,GGAGCTCATGTTTGTCTACAA,">DQ473385.1|Homo sapiens|cDNA|Homo sapiens T cell receptor beta chain variable region (TRBV4-1) mRNA, TRBV4-1*02 allele, partial cds",ccaccggagctcatgtttgtctacagctatgagaaactctctataaatgaaagtgtgccaagtcgcttctcacctgaatgccccaacagctctctcttaaaccttcacctacacgccctgcagccagaagactcagccctgtatctctgcgccagcagcccccggactagcggggggggggatacgcagtattttggcccaggcacccggctgacagtgctcgaggac,95
130,IPP000708,GAGCTCATGTTTGTCTACAGT,">DQ473385.1|Homo sapiens|cDNA|Homo sapiens T cell receptor beta chain variable region (TRBV4-1) mRNA, TRBV4-1*02 allele, partial cds",ccaccggagctcatgtttgtctacagctatgagaaactctctataaatgaaagtgtgccaagtcgcttctcacctgaatgccccaacagctctctcttaaaccttcacctacacgccctgcagccagaagactcagccctgtatctctgcgccagcagcccccggactagcggggggggggatacgcagtattttggcccaggcacccggctgacagtgctcgaggac,95
131,IPP500006,CCTGAATGCCCCAACAGCTCTCTC,">DQ473385.1|Homo sapiens|cDNA|Homo sapiens T cell receptor beta chain variable region (TRBV4-1) mRNA, TRBV4-1*02 allele, partial cds",ccaccggagctcatgtttgtctacagctatgagaaactctctataaatgaaagtgtgccaagtcgcttctcacctgaatgccccaacagctctctcttaaaccttcacctacacgccctgcagccagaagactcagccctgtatctctgcgccagcagcccccggactagcggggggggggatacgcagtattttggcccaggcacccggctgacagtgctcgaggac,100
132,IPP000036,CCTGAATGCCCCAACAGCTCTCTC,">DQ473386.1|Homo sapiens|cDNA|Homo sapiens T cell receptor beta chain variable region (TRBV4-1) mRNA, TRBV4-1*02 allele, partial cds",ccaccggagctcatgtttgtctacagctatgagaaactctctataaatgaaagtgtgccaagtcgcttctcacctgaatgccccaacagctctctcttaaaccttcacctacacgccctgcagccagaagactcagccctgtatctctgcgccagcagccaccccaacagggggcctggggccaacgtcctgactttcggggccggcagcaggctgaccgtgctggaggac,100
133,IPP000707,GGAGCTCATGTTTGTCTACAA,">DQ473386.1|Homo sapiens|cDNA|Homo sapiens T cell receptor beta chain variable region (TRBV4-1) mRNA, TRBV4-1*02 allele, partial cds",ccaccggagctcatgtttgtctacagctatgagaaactctctataaatgaaagtgtgccaagtcgcttctcacctgaatgccccaacagctctctcttaaaccttcacctacacgccctgcagccagaagactcagccctgtatctctgcgccagcagccaccccaacagggggcctggggccaacgtcctgactttcggggccggcagcaggctgaccgtgctggaggac,95
134,IPP000708,GAGCTCATGTTTGTCTACAGT,">DQ473386.1|Homo sapiens|cDNA|Homo sapiens T cell receptor beta chain variable region (TRBV4-1) mRNA, TRBV4-1*02 allele, partial cds",ccaccggagctcatgtttgtctacagctatgagaaactctctataaatgaaagtgtgccaagtcgcttctcacctgaatgccccaacagctctctcttaaaccttcacctacacgccctgcagccagaagactcagccctgtatctctgcgccagcagccaccccaacagggggcctggggccaacgtcctgactttcggggccggcagcaggctgaccgtgctggaggac,95
135,IPP500006,CCTGAATGCCCCAACAGCTCTCTC,">DQ473386.1|Homo sapiens|cDNA|Homo sapiens T cell receptor beta chain variable region (TRBV4-1) mRNA, TRBV4-1*02 allele, partial cds",ccaccggagctcatgtttgtctacagctatgagaaactctctataaatgaaagtgtgccaagtcgcttctcacctgaatgccccaacagctctctcttaaaccttcacctacacgccctgcagccagaagactcagccctgtatctctgcgccagcagccaccccaacagggggcctggggccaacgtcctgactttcggggccggcagcaggctgaccgtgctggaggac,100
136,IPP000036,CCTGAATGCCCCAACAGCTCTCTC,">DQ473387.1|Homo sapiens|cDNA|Homo sapiens T cell receptor beta chain variable region (TRBV4-1) mRNA, TRBV4-1*02 allele, partial cds",ccaccggagctcatgtttgtctacagctatgagaaactctctataaatgaaagtgtgccaagtcgcttctcacctgaatgccccaacagctctctcttaaaccttcacctacacgccctgcagccagaagactcagccctgtatctctgcgccagcagccaaggacaggggttaggacctgccggggagctgttttttggagaaggctctaggctgaccgtactggaggac,100
137,IPP000707,GGAGCTCATGTTTGTCTACAA,">DQ473387.1|Homo sapiens|cDNA|Homo sapiens T cell receptor beta chain variable region (TRBV4-1) mRNA, TRBV4-1*02 allele, partial cds",ccaccggagctcatgtttgtctacagctatgagaaactctctataaatgaaagtgtgccaagtcgcttctcacctgaatgccccaacagctctctcttaaaccttcacctacacgccctgcagccagaagactcagccctgtatctctgcgccagcagccaaggacaggggttaggacctgccggggagctgttttttggagaaggctctaggctgaccgtactggaggac,95
138,IPP000708,GAGCTCATGTTTGTCTACAGT,">DQ473387.1|Homo sapiens|cDNA|Homo sapiens T cell receptor beta chain variable region (TRBV4-1) mRNA, TRBV4-1*02 allele, partial cds",ccaccggagctcatgtttgtctacagctatgagaaactctctataaatgaaagtgtgccaagtcgcttctcacctgaatgccccaacagctctctcttaaaccttcacctacacgccctgcagccagaagactcagccctgtatctctgcgccagcagccaaggacaggggttaggacctgccggggagctgttttttggagaaggctctaggctgaccgtactggaggac,95
139,IPP500006,CCTGAATGCCCCAACAGCTCTCTC,">DQ473387.1|Homo sapiens|cDNA|Homo sapiens T cell receptor beta chain variable region (TRBV4-1) mRNA, TRBV4-1*02 allele, partial cds",ccaccggagctcatgtttgtctacagctatgagaaactctctataaatgaaagtgtgccaagtcgcttctcacctgaatgccccaacagctctctcttaaaccttcacctacacgccctgcagccagaagactcagccctgtatctctgcgccagcagccaaggacaggggttaggacctgccggggagctgttttttggagaaggctctaggctgaccgtactggaggac,100
140,IPP000036,CCTGAATGCCCCAACAGCTCTCTC,">DQ473388.1|Homo sapiens|cDNA|Homo sapiens T cell receptor beta chain variable region (TRBV4-3) mRNA, TRBV4-3*01 allele, partial cds",ccaccggagctcatgtttgtctacagtcttgaagaacgggttgaaaacaacagtgtgccaagtcgcttctcacctgaatgccccaacagctctcacttattccttcacctacacaccctgcagccagaagactcggccctgtatctctgcgccagcagccaagatttacccgacaggggtaacgcctacgagcagtacttcgggccgggcaccaggctcacggtcacagaggac,96
141,IPP000707,GGAGCTCATGTTTGTCTACAA,">DQ473388.1|Homo sapiens|cDNA|Homo sapiens T cell receptor beta chain variable region (TRBV4-3) mRNA, TRBV4-3*01 allele, partial cds",ccaccggagctcatgtttgtctacagtcttgaagaacgggttgaaaacaacagtgtgccaagtcgcttctcacctgaatgccccaacagctctcacttattccttcacctacacaccctgcagccagaagactcggccctgtatctctgcgccagcagccaagatttacccgacaggggtaacgcctacgagcagtacttcgggccgggcaccaggctcacggtcacagaggac,95
142,IPP000708,GAGCTCATGTTTGTCTACAGT,">DQ473388.1|Homo sapiens|cDNA|Homo sapiens T cell receptor beta chain variable region (TRBV4-3) mRNA, TRBV4-3*01 allele, partial cds",ccaccggagctcatgtttgtctacagtcttgaagaacgggttgaaaacaacagtgtgccaagtcgcttctcacctgaatgccccaacagctctcacttattccttcacctacacaccctgcagccagaagactcggccctgtatctctgcgccagcagccaagatttacccgacaggggtaacgcctacgagcagtacttcgggccgggcaccaggctcacggtcacagaggac,100
143,IPP500006,CCTGAATGCCCCAACAGCTCTCTC,">DQ473388.1|Homo sapiens|cDNA|Homo sapiens T cell receptor beta chain variable region (TRBV4-3) mRNA, TRBV4-3*01 allele, partial cds",ccaccggagctcatgtttgtctacagtcttgaagaacgggttgaaaacaacagtgtgccaagtcgcttctcacctgaatgccccaacagctctcacttattccttcacctacacaccctgcagccagaagactcggccctgtatctctgcgccagcagccaagatttacccgacaggggtaacgcctacgagcagtacttcgggccgggcaccaggctcacggtcacagaggac,96
144,IPP000721,GGGCAGGGCCTGGAGTTTT,">DQ473389.1|Homo sapiens|cDNA|Homo sapiens T cell receptor beta chain variable region (TRBV7-2) mRNA, TRBV7-2*01 allele, partial cds",gatccaatttcaggtcatactgccctttactggtaccgacagagcctggggcagggcctggagtttttaatttacttccaaggcaacagtgcaccagacaaatcagggctgcccagtgatcgcttctctgcagagaggactgggggatccgtctccactctgacgatccagcgcacacagcaggaggactcggccgtgtatctctgtgccagcagcttagagcgattgtactacgagcagtacttcgggccgggcaccaggctcacggtcacagaggac,95
145,IPP000722,CCCTTTACTGGTACCGACAA,">DQ473389.1|Homo sapiens|cDNA|Homo sapiens T cell receptor beta chain variable region (TRBV7-2) mRNA, TRBV7-2*01 allele, partial cds",gatccaatttcaggtcatactgccctttactggtaccgacagagcctggggcagggcctggagtttttaatttacttccaaggcaacagtgcaccagacaaatcagggctgcccagtgatcgcttctctgcagagaggactgggggatccgtctccactctgacgatccagcgcacacagcaggaggactcggccgtgtatctctgtgccagcagcttagagcgattgtactacgagcagtacttcgggccgggcaccaggctcacggtcacagaggac,95
146,IPP000724,TGACTTACTTCAATTATGAAGCC,">DQ473390.1|Homo sapiens|cDNA|Homo sapiens T cell receptor beta chain variable region (TRBV7-6) mRNA, TRBV7-6*01 allele, partial cds",cagggcccagagtttctgacttacttcaattatgaagcccaacaagacaaatcagggctgcccaatgatcggttctctgcagagaggcctgagggatccatctccactctgacgatccagcgcacagagcagcgggactcggccatgtatcgctgtgccagcagcttaactagcgggatgttgagaaatgagcagttcttcgggccagggacacggctcaccgtgctagaggac,100
147,IPP000047,TGCCCCAGAATCTCTCAGCCTCCA,">EF567068.1|Homo sapiens|cDNA|Homo sapiens clone M5 T-cell receptor beta chain (TRBV20) mRNA, partial cds",gaggtgccccagaatctctcagcctccagaccccaggaccggcagttcatcctgagttctaagaagctccttctcagtgactctggcttctatctctgtgcctggaatggctacaataccccctacaatgagcagttcttcgggccagggacacggctcaccgtgctagaggacctgaaaaacgtgttcccacccgaggtcgctgtgtttg,100
148,IPP500043,TGCCCCAGAATCTCTCAGCCTCCA,">EF567068.1|Homo sapiens|cDNA|Homo sapiens clone M5 T-cell receptor beta chain (TRBV20) mRNA, partial cds",gaggtgccccagaatctctcagcctccagaccccaggaccggcagttcatcctgagttctaagaagctccttctcagtgactctggcttctatctctgtgcctggaatggctacaataccccctacaatgagcagttcttcgggccagggacacggctcaccgtgctagaggacctgaaaaacgtgttcccacccgaggtcgctgtgtttg,100
149,IPP000722,CCCTTTACTGGTACCGACAA,">EF567069.1|Homo sapiens|cDNA|Homo sapiens clone M7 T-cell receptor beta chain (TRBV21) mRNA, partial cds",atttctggccatgctaccctttactggtaccagcagatcctgggacagggcccaaagcttctgattcagtttcagaataacggtgtagtggatgattcacagttgcctaaggatcgattttctgcagagaggctcaaaggagtagactccactctcaagatccagcctgcaaagcttgaggactcggccgtgtatctctgtgccagcagcctatacagggggccaaaggctgagcagttcttcgggccagggacacggctcaccgtgctagaggacctgaaaaacgtgttcccacccgaggtcgctgtgtt,90
